<?xml version="1.0" encoding="UTF-8"?>
<project-private xmlns="http://www.netbeans.org/ns/project-private/1">
    <editor-bookmarks xmlns="http://www.netbeans.org/ns/editor-bookmarks/2" lastBookmarkId="0"/>
    <open-files xmlns="http://www.netbeans.org/ns/projectui-open-files/2">
        <group>
            <file>file:/home/daniel/NetBeansProjects/Proyecto2EDD/src/proyecto2edd/Principal.java</file>
            <file>file:/home/daniel/NetBeansProjects/Proyecto2EDD/src/proyecto2edd/TablaHash.java</file>
            <file>file:/home/daniel/NetBeansProjects/Proyecto2EDD/src/proyecto2edd/ListaSimple.java</file>
            <file>file:/home/daniel/NetBeansProjects/Proyecto2EDD/src/proyecto2edd/NodoLista.java</file>
            <file>file:/home/daniel/NetBeansProjects/Proyecto2EDD/src/proyecto2edd/Vertice.java</file>
            <file>file:/home/daniel/NetBeansProjects/Proyecto2EDD/src/proyecto2edd/Cliente.java</file>
            <file>file:/home/daniel/NetBeansProjects/Proyecto2EDD/src/proyecto2edd/ListaCircularDoble.java</file>
            <file>file:/home/daniel/NetBeansProjects/Proyecto2EDD/src/proyecto2edd/Grafo.java</file>
        </group>
    </open-files>
</project-private>
